Date,Open,High,Low,Close,Adj Close,Volume,3day_before_change
2020-09-09,10.15,10.44,9.54,9.785,9.785,3495280,-
2020-09-08,10.02,10.54,9.89,10.0,10.0,3358900,-
2020-09-04,11.1,11.2,9.63,10.42,10.42,6744600,0.6837270341207349
2020-09-03,11.49,12.33,10.81,11.22,11.22,12030600,0.8256070640176602
2020-09-02,16.879998999999998,17.790001,15.25,16.17,16.17,8897000,-
2020-09-01,13.75,15.32,13.69,15.24,15.24,4486700,-
2020-08-31,13.6,13.7,13.33,13.59,13.59,1565600,1.0096582466567607
2020-08-28,13.01,13.48,13.0,13.46,13.46,1280200,1.1445578231292517
2020-08-27,13.22,13.27,12.733,12.98,12.98,1187300,1.1267361111111112
2020-08-26,11.87,13.19,11.87,13.09,13.09,3346000,-
2020-08-25,11.52,11.77,11.37,11.76,11.76,954800,-
2020-08-24,11.74,11.74,11.36,11.52,11.52,1129700,0.993960310612597
2020-08-21,11.75,11.94,11.43,11.59,11.59,2222600,0.9772344013490726
2020-08-20,11.7,12.015,11.6,11.88,11.88,929000,1.0214961306964747
2020-08-19,11.9,11.98,11.6,11.77,11.77,761700,-
2020-08-18,11.75,11.97,11.71,11.86,11.86,660500,-
2020-08-17,11.91,11.97,11.47,11.63,11.63,986200,0.9806070826306915
2020-08-14,11.83,12.12,11.76,11.86,11.86,712800,1.037620297462817
2020-08-13,11.69,12.12,11.69,11.84,11.84,809900,1.025108225108225
2020-08-12,11.56,11.815,11.44,11.66,11.66,776200,-
2020-08-11,11.61,11.7,11.405,11.43,11.43,959200,-
2020-08-10,11.71,11.788,11.28,11.55,11.55,1027000,0.9846547314578006
2020-08-07,12.05,12.15,11.38,11.73,11.73,939900,0.9882055602358889
2020-08-06,12.48,12.59,11.99,12.14,12.14,733400,1.027072758037225
2020-08-05,11.96,12.47,11.94,12.44,12.44,1569300,-
2020-08-04,11.71,11.91,11.51,11.87,11.87,694700,-
2020-08-03,11.67,11.969,11.55,11.82,11.82,955600,1.0154639175257731
2020-07-31,11.53,11.655,11.15,11.64,11.64,907300,1.0228471001757469
2020-07-30,11.4,11.465,11.065,11.37,11.37,802300,0.9684838160136285
2020-07-29,11.41,11.593,11.35,11.56,11.56,704800,-
2020-07-28,11.67,11.708,11.37,11.38,11.38,620600,-
2020-07-27,11.56,11.78,11.48,11.74,11.74,497300,1.0190972222222223
2020-07-24,11.77,11.829,11.36,11.52,11.52,726900,0.9664429530201342
2020-07-23,11.85,12.05,11.67,11.87,11.87,1164600,0.976954732510288
2020-07-22,11.92,12.1,11.73,11.88,11.88,661300,-
2020-07-21,12.41,12.41,11.86,11.92,11.92,841000,-
2020-07-20,11.81,12.27,11.73,12.15,12.15,1106900,1.0287891617273497
2020-07-17,11.79,11.93,11.625,11.81,11.81,864000,1.0137339055793992
2020-07-16,11.88,11.99,11.565,11.81,11.81,1022100,1.0128644939965694
2020-07-15,11.8,12.11,11.79,12.04,12.04,1190700,-
2020-07-14,11.53,11.66,11.055,11.65,11.65,1268300,-
2020-07-13,12.5,12.53,11.63,11.66,11.66,1690100,0.9380530973451328
2020-07-10,12.8,12.8,12.39,12.43,12.43,992600,0.9841646872525731
2020-07-09,12.78,12.94,12.61,12.84,12.84,1298000,1.0086410054988217
2020-07-08,12.75,12.845,12.409,12.68,12.68,1452500,-
2020-07-07,12.68,12.99,12.57,12.63,12.63,1108300,-
2020-07-06,12.85,13.28,12.6,12.73,12.73,1337700,-
2020-07-02,13.11,13.2,12.78,12.84,12.84,882400,1.0239234449760766
2020-07-01,12.17,13.04,12.05,12.91,12.91,2303400,-
2020-06-30,12.54,12.79,12.44,12.75,12.75,1083600,-
2020-06-29,13.05,13.13,12.34,12.54,12.54,1690900,0.966846569005397
2020-06-26,13.19,13.21,12.67,12.97,12.97,3107400,0.9722638680659671
2020-06-25,12.74,13.15,12.567,13.13,13.13,1190600,0.9718726868985937
2020-06-24,13.17,13.29,12.7,12.79,12.79,1632100,-
2020-06-23,13.64,13.64,13.29,13.34,13.34,1722300,-
2020-06-22,13.07,13.523,13.02,13.51,13.51,1718800,1.0384319754035358
2020-06-19,13.6,13.6,13.0,13.01,13.01,3572100,0.9767267267267267
2020-06-18,13.39,13.55,13.22,13.52,13.52,1639600,1.0014814814814814
2020-06-17,13.37,13.515,13.2,13.42,13.42,2144500,-
2020-06-16,14.0,14.04,12.61,13.32,13.32,4203600,-
2020-06-15,12.68,13.5,12.54,13.5,13.5,4995500,1.0869565217391304
2020-06-12,12.14,12.64,12.11,12.42,12.42,2518700,1.0
2020-06-11,12.33,12.8,11.725,11.79,11.79,2145200,0.9624489795918366
2020-06-10,12.51,13.45,12.5,12.8,12.8,2880600,-
2020-06-09,12.2,12.59,12.14,12.42,12.42,1542000,-
2020-06-08,12.85,12.9,12.03,12.25,12.25,2554600,0.9607843137254902
2020-06-05,12.83,13.57,12.52,12.75,12.75,2699400,1.059850374064838
2020-06-04,15.11,15.11,12.5,12.68,12.68,11737300,1.034257748776509
2020-06-03,12.4,12.65,12.06,12.59,12.59,3654200,-
2020-06-02,12.4,12.4,11.76,12.03,12.03,984900,-
2020-06-01,11.95,12.5,11.85,12.26,12.26,1758000,1.0208159866777686
2020-05-29,11.22,12.06,11.22,12.01,12.01,1468000,1.0117944397641112
2020-05-28,11.61,11.91,11.12,11.24,11.24,1385300,-
2020-05-27,12.0,12.108,10.93,11.66,11.66,1455100,-
2020-05-26,12.5,12.58,11.79,11.87,11.87,1217700,-
2020-05-22,11.54,12.1,11.4,12.06,12.06,1247600,1.109475620975161
2020-05-21,11.31,11.53,11.12,11.35,11.35,822300,1.0460829493087558
2020-05-20,11.15,11.53,11.0,11.38,11.38,1421200,-
2020-05-19,10.94,11.18,10.74,10.87,10.87,857900,-
2020-05-18,10.92,11.16,10.66,10.85,10.85,1313900,1.0255198487712665
2020-05-15,10.29,10.84,10.19,10.58,10.58,1766500,0.9208006962576153
2020-05-14,10.0,10.5,9.9,10.3,10.3,1671600,0.893321769297485
2020-05-13,11.5,11.67,10.64,10.82,10.82,1369400,-
2020-05-12,12.0,12.39,11.46,11.49,11.49,1685400,-
2020-05-11,11.2,11.84,11.0,11.53,11.53,1385400,1.0239786856127886
2020-05-08,11.0,11.44,10.71,11.26,11.26,1154400,1.1226321036889333
2020-05-07,10.65,11.0,10.59,10.99,10.99,1707200,1.0763956904995102
2020-05-06,10.07,10.58,10.07,10.46,10.46,1028600,-
2020-05-05,10.4,10.57,9.96,10.03,10.03,1574800,-
2020-05-04,10.12,10.48,9.93,10.21,10.21,1544300,0.9980449657869013
2020-05-01,10.3,10.33,9.96,10.23,10.23,832400,0.9808245445829339
2020-04-30,10.75,10.96,10.51,10.57,10.57,1564300,1.0192864030858246
2020-04-29,10.61,10.98,10.5,10.89,10.89,1204400,-
2020-04-28,10.95,11.09,10.12,10.43,10.43,1228400,-
2020-04-27,9.78,10.49,9.78,10.37,10.37,2157000,1.0734989648033126
2020-04-24,9.63,9.72,9.38,9.66,9.66,1739200,1.043196544276458
2020-04-23,9.45,9.93,9.34,9.57,9.57,968600,0.9715736040609138
2020-04-22,9.48,9.59,9.08,9.45,9.45,1046300,-
2020-04-21,9.79,9.89,8.96,9.26,9.26,1150300,-
2020-04-20,9.75,10.24,9.65,9.85,9.85,898100,1.0
2020-04-17,10.58,10.69,9.85,9.85,9.85,1391500,1.023908523908524
2020-04-16,9.93,10.605,9.43,10.38,10.38,3314400,1.096092925026399
2020-04-15,9.36,10.16,9.245,9.75,9.75,2336700,-
2020-04-14,9.34,9.8,9.22,9.62,9.62,1833600,-
2020-04-13,9.17,9.56,9.0,9.47,9.47,1565600,-
2020-04-09,8.88,9.26,8.77,9.12,9.12,1959100,1.0387243735763099
2020-04-08,8.54,8.885,8.35,8.74,8.74,1683800,-
2020-04-07,8.9,9.05,8.39,8.45,8.45,1878600,-
2020-04-06,8.5,8.87,8.32,8.78,8.78,1461500,1.0668286755771565
2020-04-03,8.07,8.4,7.975,8.23,8.23,1216700,1.022360248447205
2020-04-02,7.19,8.28,7.19,8.25,8.25,2522700,0.9786476868327403
2020-04-01,7.75,8.19,7.7,7.82,7.82,1433100,-
2020-03-31,8.37,8.65,8.01,8.05,8.05,1769900,-
2020-03-30,8.07,8.45,8.0,8.43,8.43,1353300,1.0420271940667492
2020-03-27,8.75,8.85,7.95,8.09,8.09,2255600,0.951764705882353
2020-03-26,8.56,9.15,8.38,9.02,9.02,2144100,1.126092384519351
2020-03-25,8.51,9.25,8.3,8.45,8.45,2651200,-
2020-03-24,8.39,8.69,8.11,8.5,8.5,1755400,-
2020-03-23,8.11,8.34,7.69,8.01,8.01,2442700,0.9888888888888889
2020-03-20,8.58,8.78,7.97,8.1,8.1,2508100,1.026615969581749
2020-03-19,8.74,9.41,8.22,8.4,8.4,2380500,1.1682892906815021
2020-03-18,7.39,9.0,7.36,8.72,8.72,2637700,-
2020-03-17,7.46,7.905,7.3,7.89,7.89,3626600,-
2020-03-16,6.67,7.65,6.53,7.19,7.19,5716300,0.9349804941482445
2020-03-13,7.08,7.8,6.21,7.69,7.69,6335700,0.6971894832275612
2020-03-12,9.24,9.45,8.5,8.59,8.59,2202900,0.8331716779825412
2020-03-11,10.66,10.85,9.82,9.96,9.96,1170800,-
2020-03-10,10.73,11.05,10.205,11.03,11.03,1736200,-
2020-03-09,10.42,11.14,10.29,10.31,10.31,1319400,0.8973020017406441
2020-03-06,11.67,11.89,11.2,11.49,11.49,1414300,0.9326298701298701
2020-03-05,12.23,12.48,11.73,12.05,12.05,1202900,0.9283513097072419
2020-03-04,12.55,12.68,12.25,12.52,12.52,913100,-
2020-03-03,12.99,13.1,12.21,12.32,12.32,981300,-
2020-03-02,13.33,13.45,12.45,12.98,12.98,2210200,0.9803625377643505
2020-02-28,12.63,13.24,12.31,13.24,13.24,1759900,0.9423487544483985
2020-02-27,13.25,13.66,12.87,13.15,13.15,1743500,0.8772515010006672
2020-02-26,14.13,14.29,13.5,13.76,13.76,2182900,-
2020-02-25,15.02,15.095,13.94,14.05,14.05,1616000,-
2020-02-24,14.95,15.4,14.707,14.99,14.99,1545300,0.9590531030070377
2020-02-21,16.01,16.01,15.4,15.63,15.63,1102000,0.9678018575851395
2020-02-20,16.01,16.389999,15.75,16.08,16.08,698300,-
2020-02-19,16.24,16.5,16.01,16.07,16.07,1267500,-
2020-02-18,15.86,16.16,15.57,16.15,16.15,711500,-
2020-02-14,15.87,16.129998999999998,15.86,15.97,15.97,547500,1.0263496143958868
2020-02-13,15.72,16.118999,15.72,15.87,15.87,599400,1.0018939393939394
2020-02-12,15.71,15.88,15.5,15.82,15.82,957700,-
2020-02-11,15.93,15.96,15.51,15.56,15.56,676400,-
2020-02-10,15.6,15.87,15.57,15.84,15.84,522500,1.008274984086569
2020-02-07,15.75,15.84,15.46,15.71,15.71,660000,0.9855708908406525
2020-02-06,15.73,16.08,15.6,15.84,15.84,921200,1.0339425587467364
2020-02-05,16.16,16.16,15.3,15.69,15.69,886900,-
2020-02-04,15.54,16.4,15.54,15.94,15.94,1857200,-
2020-02-03,14.76,15.48,14.76,15.32,15.32,1212200,1.0386440677966102
2020-01-31,14.83,14.94,14.6,14.75,14.75,805100,0.9794156706507304
2020-01-30,14.74,15.02,14.74,15.0,15.0,535900,0.9993337774816788
2020-01-29,15.13,15.23,14.75,14.85,14.85,892800,-
2020-01-28,15.15,15.19,14.76,15.06,15.06,1232400,-
2020-01-27,15.0,15.26,14.918,15.01,15.01,851100,0.9715210355987055
2020-01-24,15.88,16.030001000000002,15.28,15.45,15.45,830700,1.017786561264822
2020-01-23,15.4,15.95,15.26,15.78,15.78,1685000,-
2020-01-22,15.27,15.5,15.27,15.39,15.39,733800,-
2020-01-21,15.34,15.394,15.055,15.18,15.18,755300,-
2020-01-17,15.75,15.75,15.255,15.35,15.35,786600,1.0006518904823989
2020-01-16,15.8,15.96,15.56,15.66,15.66,840000,1.0135922330097087
2020-01-15,15.55,15.9,15.46,15.5,15.5,1135600,-
2020-01-14,15.5,15.6,15.21,15.34,15.34,943900,-
2020-01-13,15.1,15.565,14.93,15.45,15.45,1581300,1.0279441117764472
2020-01-10,14.88,15.08,14.76,15.03,15.03,1119900,1.023144996596324
2020-01-09,14.84,15.04,14.71,14.88,14.88,1037400,1.0143149284253579
2020-01-08,14.67,14.82,14.61,14.66,14.66,666500,-
2020-01-07,14.74,14.83,14.51,14.69,14.69,945600,-
2020-01-06,14.66,14.73,14.31,14.67,14.67,2004800,0.99322951929587
2020-01-03,14.56,15.1,14.5,14.77,14.77,1104300,1.0307048150732727
2020-01-02,14.19,14.85,14.16,14.76,14.76,1792600,1.0438472418670437
2019-12-31,14.05,14.34,14.05,14.33,14.33,1130200,-
2019-12-30,14.1,14.2,13.68,14.14,14.14,1739500,0.9950738916256158
2019-12-27,14.4,14.4,14.15,14.21,14.21,914600,0.990934449093445
2019-12-26,14.3,14.45,14.22,14.37,14.37,741100,0.9896694214876033
2019-12-24,14.55,14.559,14.295,14.34,14.34,461600,-
2019-12-23,14.37,14.69,14.25,14.52,14.52,973900,1.0097357440890125
2019-12-20,14.39,14.45,14.13,14.38,14.38,1914600,1.00629811056683
2019-12-19,14.6,14.63,14.26,14.35,14.35,868200,1.0105633802816902
2019-12-18,14.35,14.66,14.24,14.62,14.62,1077200,-
2019-12-17,14.21,14.43,14.13,14.29,14.29,1065300,-
2019-12-16,14.29,14.46,14.11,14.2,14.2,899600,1.001410437235543
2019-12-13,14.07,14.55,13.9,14.18,14.18,1118200,0.9786059351276742
2019-12-12,14.17,14.38,14.0,14.16,14.16,1477000,0.9159120310478654
2019-12-11,14.47,14.5,14.0,14.21,14.21,1768800,-
2019-12-10,15.3,15.33,14.41,14.49,14.49,1905600,-
2019-12-09,15.03,15.66,14.94,15.46,15.46,1100700,1.0375838926174497
2019-12-06,15.25,15.781,14.72,14.9,14.9,2299400,0.9700520833333334
2019-12-05,15.48,15.515,14.995,15.1,15.1,1194600,1.0039893617021276
2019-12-04,15.48,15.7,15.11,15.52,15.52,755200,-
2019-12-03,14.62,15.48,14.58,15.36,15.36,892600,-
2019-12-02,15.95,15.98,15.0,15.04,15.04,987400,0.9435382685069008
2019-11-29,15.8,16.129998999999998,15.7,15.94,15.94,324600,1.008222643896268
2019-11-27,15.93,16.0,15.77,15.84,15.84,519600,-
2019-11-26,15.73,16.17,15.72,15.81,15.81,991600,-
2019-11-25,15.54,15.98,15.54,15.72,15.72,663400,1.01747572815534
2019-11-22,15.67,15.8,15.34,15.45,15.45,722900,1.0191292875989446
2019-11-21,15.51,15.75,15.32,15.56,15.56,782500,1.044295302013423
2019-11-20,15.17,15.67,15.14,15.5,15.5,1164900,-
2019-11-19,14.95,15.42,14.95,15.16,15.16,739100,-
2019-11-18,15.2,15.2,14.81,14.9,14.9,711300,0.980263157894737
2019-11-15,14.7,15.22,14.7,15.2,15.2,876000,1.0291130670277588
2019-11-14,14.75,14.97,14.61,14.66,14.66,464700,0.9993183367416496
2019-11-13,14.73,14.81,14.49,14.79,14.79,706400,-
2019-11-12,14.72,15.16,14.68,14.77,14.77,727300,-
2019-11-11,14.5,14.75,14.37,14.67,14.67,531600,1.0034199726402189
2019-11-08,14.24,14.63,14.07,14.62,14.62,639400,1.000684462696783
2019-11-07,14.56,14.71,14.195,14.35,14.35,595500,0.9910220994475137
2019-11-06,14.59,15.03,14.37,14.44,14.44,1109300,-
2019-11-05,14.58,14.68,14.4,14.61,14.61,567400,-
2019-11-04,14.65,15.0,14.39,14.48,14.48,776400,0.9965588437715073
2019-11-01,14.32,14.67,14.29,14.53,14.53,616500,1.0175070028011204
2019-10-31,14.39,14.48,14.01,14.25,14.25,671300,0.9834368530020704
2019-10-30,14.3,14.51,14.16,14.35,14.35,506800,-
2019-10-29,14.44,14.48,14.14,14.28,14.28,533100,-
2019-10-28,14.45,14.63,14.31,14.49,14.49,639800,1.0069492703266156
2019-10-25,14.25,14.45,14.04,14.39,14.39,1510700,1.0397398843930636
2019-10-24,14.05,14.33,13.98,14.27,14.27,698800,1.011339475549256
2019-10-23,13.89,14.24,13.75,13.99,13.99,846700,-
2019-10-22,14.2,14.28,13.78,13.84,13.84,705200,-
2019-10-21,13.75,14.19,13.65,14.11,14.11,822000,1.0359765051395007
2019-10-18,14.16,14.2,13.435,13.62,13.62,1907600,0.9605077574047954
2019-10-17,14.31,14.323,14.01,14.13,14.13,980700,0.9964739069111426
2019-10-16,14.05,14.33,13.77,14.22,14.22,1491500,-
2019-10-15,14.2,14.35,14.02,14.18,14.18,837100,-
2019-10-14,14.62,14.66,14.18,14.18,14.18,684400,0.9672578444747613
2019-10-11,14.67,14.94,14.5,14.66,14.66,829300,1.0117322291235336
2019-10-10,14.55,14.86,14.4,14.52,14.52,654700,0.9797570850202428
2019-10-09,14.61,14.86,14.41,14.53,14.53,641100,-
2019-10-08,14.63,14.76,14.3,14.49,14.49,572800,-
2019-10-07,15.0,15.19,14.75,14.82,14.82,1066700,0.9860279441117765
2019-10-04,15.09,15.28,14.9,15.03,15.03,763800,1.025938566552901
2019-10-03,14.54,15.23,14.4,15.09,15.09,847700,1.00265780730897
2019-10-02,14.47,14.7,14.16,14.55,14.55,1359100,-
2019-10-01,15.05,15.34,14.61,14.65,14.65,1399200,-
2019-09-30,15.15,15.319,14.65,15.05,15.05,1144100,0.9966887417218544
2019-09-27,16.219998999999998,16.379998999999998,14.81,15.1,15.1,2199600,0.995385629531971
2019-09-26,15.23,16.59,15.07,15.99,15.99,3679000,1.0250000000000001
2019-09-25,15.18,15.37,14.95,15.24,15.24,1675600,-
2019-09-24,15.72,15.72,15.03,15.17,15.17,1358100,-
2019-09-23,15.63,15.83,15.4,15.6,15.6,1305200,0.9904761904761904
2019-09-20,15.75,16.0,15.57,15.75,15.75,3576400,1.0031847133757963
2019-09-19,15.5,15.97,15.5,15.76,15.76,810500,1.0293925538863486
2019-09-18,15.67,15.7,15.21,15.49,15.49,1092900,-
2019-09-17,15.33,15.775,15.26,15.7,15.7,1705600,-
2019-09-16,14.79,15.33,14.76,15.31,15.31,1475800,1.0078999341672152
2019-09-13,15.24,15.505,15.13,15.19,15.19,873000,0.9559471365638765
2019-09-12,15.66,15.93,15.29,15.34,15.34,1273400,0.9922380336351875
2019-09-11,15.75,16.0,15.27,15.72,15.72,1481000,-
2019-09-10,15.3,15.95,15.13,15.89,15.89,968900,-
2019-09-09,15.39,15.87,15.14,15.46,15.46,1279100,1.0097975179621164
2019-09-06,15.1,15.45,14.64,15.31,15.31,1261000,1.0639332870048646
2019-09-05,14.91,15.07,14.56,14.93,14.93,1041200,-
2019-09-04,14.66,14.83,14.44,14.67,14.67,1097600,-
2019-09-03,14.97,14.97,14.33,14.39,14.39,1544400,-
2019-08-30,15.08,15.4,14.82,15.05,15.05,1849400,1.075
2019-08-29,15.24,15.51,14.31,14.88,14.88,3453300,1.039832285115304
2019-08-28,13.8,13.96,13.431,13.93,13.93,2345000,-
2019-08-27,14.45,14.5,13.71,14.0,14.0,1744900,-
2019-08-26,14.33,14.43,13.93,14.31,14.31,1118000,1.0084566596194504
2019-08-23,14.28,14.67,14.095,14.19,14.19,1147600,1.0275162925416363
2019-08-22,14.11,14.41,13.99,14.29,14.29,1110200,1.0453547915142647
2019-08-21,13.93,14.453,13.91,14.04,14.04,1216400,-
2019-08-20,13.63,13.925,13.53,13.81,13.81,902500,-
2019-08-19,13.78,13.925,13.555,13.67,13.67,1171300,1.0096011816838997
2019-08-16,13.46,13.9,13.42,13.54,13.54,2426500,0.9741007194244603
2019-08-15,13.75,13.81,13.06,13.32,13.32,1258900,0.9624277456647399
2019-08-14,13.7,13.88,13.32,13.74,13.74,1188600,-
2019-08-13,13.8,14.32,13.71,13.9,13.9,1120300,-
2019-08-12,13.9,14.05,13.72,13.84,13.84,597600,0.985053380782918
2019-08-09,14.4,14.54,13.98,14.05,14.05,760100,1.0021398002853068
2019-08-08,14.27,14.88,14.23,14.44,14.44,841400,1.0343839541547277
2019-08-07,13.91,14.33,13.67,14.21,14.21,624200,-
2019-08-06,14.14,14.32,13.83,14.02,14.02,746800,-
2019-08-05,14.13,14.21,13.42,13.96,13.96,1683200,0.9413351314902225
2019-08-02,14.78,14.945,14.42,14.83,14.83,999400,0.9567741935483871
2019-08-01,15.06,15.407,14.67,14.84,14.84,1109000,0.9769585253456221
2019-07-31,15.53,15.63,14.84,15.01,15.01,843800,-
2019-07-30,15.06,15.58,14.93,15.5,15.5,646300,-
2019-07-29,15.6,15.692,14.82,15.19,15.19,908500,0.9768488745980707
2019-07-26,15.42,15.88,15.325,15.55,15.55,815700,1.0304837640821738
2019-07-25,15.38,15.9,15.2,15.3,15.3,1138800,0.9928617780661908
2019-07-24,15.09,15.47,15.0,15.39,15.39,1371500,-
2019-07-23,15.48,15.48,15.075,15.09,15.09,753400,-
2019-07-22,15.39,15.51,15.17,15.41,15.41,470600,1.006531678641411
2019-07-19,15.63,15.79,15.17,15.31,15.31,734200,0.9714467005076143
2019-07-18,15.38,15.49,14.97,15.49,15.49,1115300,0.9491421568627451
2019-07-17,15.8,16.061001,15.4,15.48,15.48,1309400,-
2019-07-16,16.6,16.649,15.65,15.76,15.76,1310400,-
2019-07-15,16.48,16.65,16.26,16.32,16.32,708800,0.9957291638638904
2019-07-12,16.4,16.57,16.120001000000002,16.389999,16.389999,727300,1.0018336184698278
2019-07-11,16.450001,16.549999,16.110001,16.35,16.35,724600,1.0186916522549316
2019-07-10,16.370001000000002,16.745001000000002,16.26,16.450001,16.450001,762400,-
2019-07-09,15.91,16.379998999999998,15.76,16.360001,16.360001,998000,-
2019-07-08,15.97,16.18,15.843,16.049999,16.049999,870200,0.9962754812988528
2019-07-05,15.82,16.16,15.71,16.110001,16.110001,771300,1.0164038485804416
2019-07-03,15.9,16.25,15.72,16.040001,16.040001,863200,-
2019-07-02,15.47,15.895,15.15,15.85,15.85,1251900,-
2019-07-01,15.46,15.885,15.35,15.46,15.46,2005400,1.0091383812010444
2019-06-28,15.03,15.39,14.935,15.32,15.32,13166400,1.0288784419073203
2019-06-27,14.75,15.23,14.71,15.03,15.03,1262800,0.9940476190476191
2019-06-26,15.0,15.39,14.6,14.74,14.74,1205700,-
2019-06-25,15.04,15.095,14.61,14.89,14.89,1663700,-
2019-06-24,15.88,15.94,15.0,15.12,15.12,1745300,0.950345694531741
2019-06-21,15.73,16.0,15.5,15.91,15.91,3802300,1.0159642401021711
2019-06-20,16.15,16.299999,15.5,15.71,15.71,1536400,1.0135483870967743
2019-06-19,15.66,16.278999,15.63,15.91,15.91,1396900,-
2019-06-18,15.53,16.0,15.47,15.66,15.66,1432000,-
2019-06-17,14.73,15.64,14.73,15.5,15.5,1852200,1.052274270196877
2019-06-14,14.8,14.85,14.4,14.73,14.73,1297200,1.0395201129146083
2019-06-13,15.2,15.29,14.68,14.94,14.94,1242900,1.0121951219512195
2019-06-12,14.02,15.18,14.0,14.97,14.97,3071100,-
2019-06-11,14.87,14.916,14.15,14.17,14.17,2441000,-
2019-06-10,14.81,15.47,14.65,14.76,14.76,3202800,1.0137362637362637
2019-06-07,14.5,14.98,14.4,14.56,14.56,2069600,1.018181818181818
2019-06-06,14.16,14.72,14.1,14.57,14.57,2180700,1.098793363499246
2019-06-05,14.55,14.65,13.96,14.18,14.18,2229900,-
2019-06-04,13.6,14.44,13.45,14.3,14.3,3076100,-
2019-06-03,14.0,14.02,13.04,13.26,13.26,8121700,0.947819871336669
2019-05-31,13.36,14.24,13.35,13.99,13.99,18995200,0.6546560292627033
2019-05-30,20.540001,20.870001000000002,19.732,19.9,19.9,3951000,-
2019-05-29,21.27,21.309998999999998,20.059998999999998,20.35,20.35,2474500,-
2019-05-28,21.32,22.01,21.190001000000002,21.370001000000002,21.370001000000002,2190100,-
2019-05-24,21.09,21.370001000000002,20.809998999999998,21.35,21.35,1172500,0.9451084550686145
2019-05-23,22.1,22.17,20.32,20.799999,20.799999,3787300,0.9428830436483702
2019-05-22,22.530001000000002,22.84,22.290001,22.389999,22.389999,1036800,-
2019-05-21,22.299999,22.790001,22.219998999999998,22.59,22.59,1599100,-
2019-05-20,22.0,22.23,21.664,22.059998999999998,22.059998999999998,953300,0.9879085982982534
2019-05-17,22.34,22.889999,22.059998999999998,22.33,22.33,777700,1.0238423211298635
2019-05-16,22.27,23.0,22.27,22.559998999999998,22.559998999999998,1357800,1.0676762928384427
2019-05-15,21.610001,22.450001,21.603001000000003,22.24,22.24,892100,-
2019-05-14,21.309998999999998,21.93,21.209999,21.809998999999998,21.809998999999998,1095300,-
2019-05-13,21.82,21.931,20.99,21.129998999999998,21.129998999999998,1135500,0.9454138255033555
2019-05-10,22.219998999999998,22.48,21.379998999999998,22.35,22.35,1369900,1.01131221719457
2019-05-09,21.940001000000002,22.805,21.15,22.450001,22.450001,1372700,0.9816353309298061
2019-05-08,22.1,22.84,22.030001000000002,22.26,22.26,1249700,-
2019-05-07,22.5,22.98,21.68,22.1,22.1,1616300,-
2019-05-06,21.780001000000002,23.040001,21.360001,22.870001000000002,22.870001000000002,2885400,1.0283273830935253
2019-05-03,21.540001,22.33,21.4,22.24,22.24,1148900,1.006334841628959
2019-05-02,21.450001,21.77,21.01,21.360001,21.360001,1110400,0.9660786989561873
2019-05-01,22.209999,22.268998999999997,21.01,21.379998999999998,21.379998999999998,1658900,-
2019-04-30,22.01,22.65,21.940001000000002,22.1,22.1,1146300,-
2019-04-29,21.41,22.370001000000002,21.41,22.110001,22.110001,2141900,1.0355972365339579
2019-04-26,21.450001,21.950001,21.209999,21.35,21.35,1950000,1.0680340170085043
2019-04-25,20.549999,21.85,20.549999,21.26,21.26,4727600,1.1004140786749483
2019-04-24,20.200001,20.4,19.870001000000002,20.049999,20.049999,1332000,-
2019-04-23,19.4,20.129998999999998,19.322001,19.99,19.99,1320400,-
2019-04-22,19.07,19.5,18.950001,19.32,19.32,883400,-
2019-04-18,19.389999,19.639999,18.879998999999998,19.219998999999998,19.219998999999998,1350500,0.9917440656214688
2019-04-17,19.74,19.799999,18.83,19.549999,19.549999,1687800,-
2019-04-16,19.370001000000002,19.74,18.85,19.49,19.49,1422000,-
2019-04-15,19.25,19.629998999999998,19.049999,19.379998999999998,19.379998999999998,851900,1.0020682006204755
2019-04-12,19.76,19.879,19.18,19.34,19.34,1415700,0.9827235772357724
2019-04-11,19.870001000000002,20.0,19.67,19.700001,19.700001,670200,0.9738013346515076
2019-04-10,19.65,20.139999,19.620001000000002,19.790001,19.790001,852100,-
2019-04-09,20.07,20.27,19.629998999999998,19.68,19.68,720300,-
2019-04-08,20.129998999999998,20.309998999999998,19.74,20.23,20.23,907600,1.003970223325062
2019-04-05,20.120001000000002,20.52,20.059998999999998,20.15,20.15,1360200,0.9950617283950617
2019-04-04,20.540001,20.870001000000002,19.700001,20.139999,20.139999,2252300,1.0233739329268292
2019-04-03,20.4,20.950001,20.219998999999998,20.58,20.58,2029100,-
2019-04-02,19.73,20.309998999999998,19.6,20.25,20.25,1878400,-
2019-04-01,20.200001,20.299999,19.57,19.68,19.68,2698400,0.982526161631245
2019-03-29,19.76,20.129998999999998,19.379998999999998,20.030001000000002,20.030001000000002,2547700,1.028234137577002
2019-03-28,19.219998999999998,20.030001000000002,18.870001000000002,19.51,19.51,2057200,0.956841635941228
2019-03-27,19.23,19.34,18.129998999999998,19.200001,19.200001,4557900,-
2019-03-26,20.040001,20.25,19.129998999999998,19.48,19.48,5074300,-
2019-03-25,20.75,20.82,19.51,20.389999,20.389999,3656100,0.9751314681970349
2019-03-22,22.280001000000002,23.969998999999998,20.280001000000002,20.91,20.91,10602400,0.8924455825864277
2019-03-21,23.82,24.434,23.68,24.33,24.33,5054500,1.05507376648195
2019-03-20,23.83,24.23,23.4,23.74,23.74,1830300,-
2019-03-19,24.0,24.41,23.309998999999998,23.43,23.43,2485600,-
2019-03-18,23.639999,23.74,22.77,23.059998999999998,23.059998999999998,1050600,0.9850490815890643
2019-03-15,23.549999,23.85,23.09,23.41,23.41,1293000,0.9953231292517007
2019-03-14,23.58,24.0,23.280001000000002,23.5,23.5,1010800,0.9978769001221613
2019-03-13,23.58,24.219998999999998,23.450001,23.629998999999998,23.629998999999998,1479700,-
2019-03-12,23.65,24.049999,23.4,23.52,23.52,1250600,-
2019-03-11,23.1,24.17,23.1,23.549999,23.549999,1540600,1.0221353289003763
2019-03-08,22.65,23.450001,22.360001,23.040001,23.040001,1086800,1.0240000444444444
2019-03-07,22.4,23.6,22.309998999999998,22.98,22.98,1130400,1.0074529157147267
2019-03-06,22.33,23.299999,22.25,22.4,22.4,957400,-
2019-03-05,22.709999,22.799999,22.040001,22.5,22.5,2156000,-
2019-03-04,23.700001,23.719998999999998,21.629998999999998,22.809998999999998,22.809998999999998,1806400,0.9743698846646731
2019-03-01,24.09,24.200001,23.360001,23.41,23.41,1813100,0.9902707694699987
2019-02-28,24.440001000000002,24.540001,23.75,23.76,23.76,916300,0.9801980198019803
2019-02-27,23.66,24.65,23.27,24.549999,24.549999,1259000,-
2019-02-26,24.280001000000002,24.48,23.51,23.639999,23.639999,1185700,-
2019-02-25,24.280001000000002,24.469998999999998,23.65,24.24,24.24,1641300,1.0112641222888663
2019-02-22,23.690001000000002,24.07,23.52,23.969998999999998,23.969998999999998,1741100,1.0322997429930982
2019-02-21,23.139999,23.450001,22.389999,23.309998999999998,23.309998999999998,830400,-
2019-02-20,23.25,23.700001,23.040001,23.18,23.18,1624300,-
2019-02-19,22.540001,23.5,22.32,23.219998999999998,23.219998999999998,1430000,-
2019-02-15,22.6,23.02,22.41,22.5,22.5,1324200,1.0880077369439072
2019-02-14,21.0,22.844998999999998,21.0,22.51,22.51,2648500,1.1105081401085348
2019-02-13,20.83,21.469998999999998,20.82,21.18,21.18,1043300,-
2019-02-12,20.540001,20.9,20.4,20.68,20.68,663900,-
2019-02-11,21.459999,21.459999,20.08,20.27,20.27,1199400,0.9516432371663491
2019-02-08,20.6,21.49,20.583,21.299999,21.299999,934000,0.9957924261707539
2019-02-07,20.389999,20.98,19.799999,20.82,20.82,1321200,0.9733520791655952
2019-02-06,21.389999,21.51,20.290001,20.530001000000002,20.530001000000002,1143600,-
2019-02-05,21.5,21.719998999999998,21.02,21.389999,21.389999,1307500,-
2019-02-04,20.98,21.85,20.98,21.389999,21.389999,543000,1.0108695179584122
2019-02-01,21.23,21.4,20.5,21.16,21.16,1249600,1.0138954952613561
2019-01-31,21.379998999999998,22.445,21.280001000000002,21.639999,21.639999,1216800,1.024136300243081
2019-01-30,21.24,21.48,20.9,21.34,21.34,650100,-
2019-01-29,21.139999,21.309998999999998,20.860001,20.870001000000002,20.870001000000002,421300,-
2019-01-28,21.049999,21.379998999999998,20.85,21.129998999999998,21.129998999999998,643100,0.9892321166089831
2019-01-25,20.48,21.48,20.209999,21.360001,21.360001,1479300,1.0009372539831303
2019-01-24,20.35,20.66,19.82,20.389999,20.389999,788000,-
2019-01-23,21.5,21.639999,19.92,20.43,20.43,1029000,-
2019-01-22,20.92,21.549999,20.610001,21.34,21.34,892500,-
2019-01-18,20.950001,21.6,20.9,21.139999,21.139999,2241700,1.032226513671875
2019-01-17,20.15,20.950001,20.047001,20.76,20.76,1580600,1.0500758725341428
2019-01-16,20.25,20.75,19.860001,20.200001,20.200001,1442300,-
2019-01-15,19.84,20.5,19.66,20.48,20.48,1278600,-
2019-01-14,19.9,19.950001,19.5,19.77,19.77,651600,0.9899850270398112
2019-01-11,19.84,19.99,19.639999,19.969998999999998,19.969998999999998,591600,1.0116514184397163
2019-01-10,19.68,20.110001,19.120001000000002,19.93,19.93,1870700,1.0225756798358132
2019-01-09,19.9,20.0,19.711,19.879998999999998,19.879998999999998,1011200,-
2019-01-08,19.940001000000002,19.940001000000002,19.32,19.74,19.74,889700,-
2019-01-07,18.83,19.85,18.76,19.49,19.49,1602600,1.0506739110875423
2019-01-04,18.09,18.66,17.959999,18.549999,18.549999,1355300,-
2019-01-03,17.860001,18.209999,17.27,17.68,17.68,766700,0.9746417295833368
2019-01-02,17.700001,18.67,17.65,18.200001,18.200001,1039500,-
2018-12-31,17.950001,18.15,17.76,18.139999,18.139999,1125500,1.0277619830028328
2018-12-28,17.940001000000002,18.16,17.41,17.65,17.65,1141000,-
2018-12-27,17.309998999999998,17.92,16.620001000000002,17.9,17.9,1011200,1.0941319624613715
2018-12-26,16.68,17.82,16.370001000000002,17.809998999999998,17.809998999999998,1092300,-
2018-12-24,15.67,16.85,15.56,16.360001,16.360001,550000,1.017412997512438
2018-12-21,17.059998999999998,17.059998999999998,15.88,16.08,16.08,2518300,0.9571429141156496
2018-12-20,18.23,18.440001000000002,16.690001000000002,17.040001,17.040001,1987600,1.0551084210526316
2018-12-19,16.77,18.360001,16.709999,17.52,17.52,2647500,-
2018-12-18,16.57,17.1,16.4,16.799999,16.799999,1970400,-
2018-12-17,17.870001000000002,18.08,16.1,16.15,16.15,2642200,0.8854166666666666
2018-12-14,17.870001000000002,18.530001000000002,17.65,18.24,18.24,1039200,0.9875474275878413
2018-12-13,18.9,19.09,18.0,18.1,18.1,1024600,1.0027701386576255
2018-12-12,18.58,19.08,18.58,18.719998999999998,18.719998999999998,1912000,-
2018-12-11,18.59,19.5,17.9,18.469998999999998,18.469998999999998,1885000,-
2018-12-10,18.040001,18.620001000000002,17.790001,18.049999,18.049999,1192800,0.9950385884806279
2018-12-07,18.43,18.566999,17.809998999999998,18.139999,18.139999,1022500,1.0022098895027622
2018-12-06,17.9,18.530001000000002,17.549999,18.530001000000002,18.530001000000002,1374700,0.9625974545454546
2018-12-04,18.91,18.91,18.0,18.1,18.1,2027600,-
2018-12-03,20.200001,20.23,18.809998999999998,19.25,19.25,1596200,1.0115606404855153
2018-11-30,19.129998999999998,20.5,18.347,19.030001000000002,19.030001000000002,3640600,1.0149333866666668
2018-11-29,20.24,20.690001000000002,19.709999,20.559998999999998,20.559998999999998,2824100,1.0918746149761018
2018-11-28,19.24,20.18,18.91,20.0,20.0,1575800,-
2018-11-27,18.610001,19.24,18.473,18.75,18.75,939000,-
2018-11-26,18.200001,18.969998999999998,18.044001,18.83,18.83,849800,1.0501952035694366
2018-11-23,17.299999,18.299999,17.209,17.93,17.93,397700,1.0304597701149425
2018-11-21,17.790001,18.0,17.370001000000002,17.66,17.66,822600,-
2018-11-20,16.52,17.77,16.0,17.4,17.4,2011800,-
2018-11-19,20.73,20.799999,17.709999,17.76,17.76,2166200,0.8567293777134588
2018-11-16,21.049999,21.51,20.389999,20.73,20.73,780600,1.0131965304592634
2018-11-15,20.370001000000002,21.379998999999998,20.26,21.27,21.27,819400,1.046237088047221
2018-11-14,20.780001000000002,21.0,20.311001,20.450001,20.450001,855200,-
2018-11-13,20.48,21.1,20.219998999999998,20.459999,20.459999,670800,-
2018-11-12,20.93,21.1,20.0,20.33,20.33,796000,0.9694802560553294
2018-11-09,21.440001000000002,21.700001,20.379998999999998,20.969998999999998,20.969998999999998,1010600,1.0081730773160131
2018-11-08,21.5,22.02,21.1,21.85,21.85,1211200,1.0550459225034245
2018-11-07,21.24,21.51,20.85,21.49,21.49,1770100,-
2018-11-06,20.870001000000002,21.190001000000002,20.5,20.799999,20.799999,786400,-
2018-11-05,20.940001000000002,21.025,20.239,20.709999,20.709999,600700,0.9966312802391105
2018-11-02,20.799999,21.275,20.49,20.780001000000002,20.780001000000002,1342100,1.0739018604651163
2018-11-01,20.52,20.9,20.01,20.6,20.6,1264700,1.1159263876449832
2018-10-31,19.709999,20.51,19.500999,20.42,20.42,1718100,-
2018-10-30,18.49,19.35,18.4,19.35,19.35,1110400,-
2018-10-29,19.549999,19.940001000000002,18.18,18.459999,18.459999,1141600,0.9700471902234791
2018-10-26,18.51,19.49,18.451,19.030001000000002,19.030001000000002,1063600,0.976398204207286
2018-10-25,18.120001000000002,19.620001000000002,17.870001000000002,19.32,19.32,1395600,0.9958762886597939
2018-10-24,19.450001,19.690001000000002,17.870001000000002,17.91,17.91,1173600,-
2018-10-23,18.870001000000002,19.790001,18.58,19.49,19.49,859500,-
2018-10-22,20.110001,20.209999,19.209999,19.4,19.4,1180900,0.97
2018-10-19,21.084999,21.290001,19.780001000000002,20.0,20.0,1828700,0.9564801530368244
2018-10-18,20.719998999999998,21.309998999999998,20.257,20.9,20.9,1174300,1.0560888804401778
2018-10-17,21.07,21.25,20.000999,20.83,20.83,1252100,-
2018-10-16,20.450001,21.1,19.809998999999998,20.91,20.91,2125200,-
2018-10-15,18.030001000000002,20.299999,17.73,19.790001,19.790001,3176800,1.0933702209944751
2018-10-12,19.209999,19.209999,17.959999,18.1,18.1,2350300,0.9211195928753182
2018-10-11,18.5,18.92,17.719998999999998,17.83,17.83,2634100,0.8941825027992725
2018-10-10,19.280001000000002,20.110001,18.15,18.51,18.51,2509600,-
2018-10-09,19.5,20.1,18.969998999999998,19.65,19.65,4978200,-
2018-10-08,20.889999,21.24,19.77,19.940001000000002,19.940001000000002,2119400,0.9423440926275993
2018-10-05,21.26,21.48,20.690001000000002,21.16,21.16,1474200,1.00236849822982
2018-10-04,20.889999,21.499001,20.52,21.32,21.32,1627900,0.9930135534705895
2018-10-03,20.709999,21.43,20.42,21.1,21.1,2058000,-
2018-10-02,21.58,21.860001,20.41,21.110001,21.110001,1719700,-
2018-10-01,23.07,23.110001,21.41,21.469998999999998,21.469998999999998,3167000,0.9290349662901355
2018-09-28,22.790001,23.4,22.17,23.110001,23.110001,1366600,1.0381851302785265
2018-09-27,22.5,23.049999,22.370001000000002,22.889999,22.889999,1146000,0.9982555167902312
2018-09-26,22.299999,22.700001,22.02,22.43,22.43,1618600,-
2018-09-25,22.73,23.25,22.200001,22.26,22.26,1748100,-
2018-09-24,23.190001000000002,23.469998999999998,22.82,22.93,22.93,975600,0.981592423733201
2018-09-21,23.389999,24.0,22.59,23.360001,23.360001,1880700,1.0021450880371123
2018-09-20,22.77,23.450001,21.799999,22.99,22.99,3060500,0.9535462068209785
2018-09-19,23.35,23.42,22.26,22.91,22.91,2018300,-
2018-09-18,24.290001,24.48,23.1,23.309998999999998,23.309998999999998,1749300,-
2018-09-17,24.35,24.950001,23.799999,24.110001,24.110001,972600,0.9788876158703864
2018-09-14,25.58,25.809998999999998,24.5,24.629998999999998,24.629998999999998,1379700,0.9655036848294785
2018-09-13,26.290001,26.43,25.32,25.58,25.58,1659200,1.036886907174706
2018-09-12,25.84,26.209999,25.065001000000002,26.01,26.01,1306300,-
2018-09-11,24.780001000000002,26.02,24.5,25.51,25.51,1191200,-
2018-09-10,25.5,25.639999,24.24,24.67,24.67,1551800,0.9663141023770426
2018-09-07,25.0,26.23,24.08,25.530001000000002,25.530001000000002,2054600,0.9163675550478265
2018-09-06,26.040001,26.1,24.530001000000002,25.040001,25.040001,2424200,-
2018-09-05,27.049999,27.15,25.200001,25.84,25.84,4166600,-
2018-09-04,27.700001,28.389999,26.211,27.860001,27.860001,3298500,-
2018-08-31,29.129998999999998,29.200001,27.530001000000002,27.58,27.58,8608400,0.8528138528138527
2018-08-30,33.419998,34.75,32.014998999999996,34.009997999999996,34.009997999999996,2454500,0.9689458671764026
2018-08-29,33.367001,33.75,31.344998999999998,33.400002,33.400002,1726800,-
2018-08-28,35.450001,35.682999,32.220001,32.34,32.34,2711300,-
2018-08-27,35.310001,35.650002,33.720001,35.099998,35.099998,2239600,1.0515277695767595
2018-08-24,30.379998999999998,33.48,30.322001,33.380001,33.380001,1821700,1.1590278527440228
2018-08-23,29.870001000000002,30.85,29.17,30.17,30.17,1047100,1.066077776186494
2018-08-22,28.389999,30.0,28.337,29.719998999999998,29.719998999999998,761900,-
2018-08-21,28.280001000000002,29.33,28.231001000000003,28.799999,28.799999,979800,-
2018-08-20,29.9,29.99,28.055,28.299999,28.299999,971000,0.9708404459691252
2018-08-17,29.709999,30.290001,28.83,29.15,29.15,1352800,0.9535492312724894
2018-08-16,30.5,30.549999,29.73,30.34,30.34,978500,1.0326753244613793
2018-08-15,29.84,30.75,29.0,30.0,30.0,920800,-
2018-08-14,29.75,30.879998999999998,28.6,30.57,30.57,1625600,-
2018-08-13,28.809998999999998,29.93,28.75,29.379998999999998,29.379998999999998,1236200,1.03341537108688
2018-08-10,28.0,29.950001,27.66,28.43,28.43,1274000,1.0375912408759125
2018-08-09,27.290001,28.99,27.059998999999998,28.200001,28.200001,1388000,1.0071428928571429
2018-08-08,27.559998999999998,27.945999,26.110001,26.73,26.73,484200,-
2018-08-07,28.84,29.34,27.0,27.4,27.4,1033000,-
2018-08-06,25.280001000000002,28.23,25.26,28.0,28.0,1398100,1.1119936457505957
2018-08-03,26.530001000000002,26.559998999999998,25.0,25.18,25.18,955300,1.0264981236649766
2018-08-02,24.370001000000002,26.0,24.0,25.83,25.83,1118100,1.1264718709114696
2018-08-01,24.18,25.138,23.77,24.58,24.58,848800,-
2018-07-31,23.5,25.200001,22.5,24.530001000000002,24.530001000000002,1920200,-
2018-07-30,25.120001000000002,25.379998999999998,22.879998999999998,22.93,22.93,1369100,0.9128184349992661
2018-07-27,26.18,26.549999,24.66,25.120001000000002,25.120001000000002,1027200,0.9948515247524753
2018-07-26,25.74,26.74,25.43,26.030001000000002,26.030001000000002,431500,0.9807837234067928
2018-07-25,25.450001,26.450001,25.41,26.309998999999998,26.309998999999998,752400,-
2018-07-24,26.799999,27.441,25.01,25.25,25.25,1086500,-
2018-07-23,25.219998999999998,26.639999,24.620001000000002,26.540001,26.540001,905700,1.05025726157499
2018-07-20,26.0,26.469998999999998,25.219998999999998,25.27,25.27,929900,0.9507148231753199
2018-07-19,27.09,27.66,25.5,25.809998999999998,25.809998999999998,1400000,1.057353502662843
2018-07-18,26.85,27.99,26.120001000000002,27.18,27.18,1658400,-
2018-07-17,24.299999,26.870001000000002,24.290001,26.58,26.58,1740600,-
2018-07-16,25.23,25.48,24.25,24.41,24.41,1051200,0.9501751284478346
2018-07-13,25.790001,25.940001000000002,23.870001000000002,25.690001000000002,25.690001000000002,1487000,1.03672316235984
2018-07-12,24.51,26.700001,24.15,25.889999,25.889999,1934400,0.9930954737245876
2018-07-11,24.299999,25.049999,24.120001000000002,24.26,24.26,1628100,-
2018-07-10,26.41,26.5,24.549999,24.780001000000002,24.780001000000002,2243900,-
2018-07-09,26.709999,27.0,25.610001,26.07,26.07,1331400,0.9908780308201457
2018-07-06,27.08,27.690001000000002,25.82,26.309998999999998,26.309998999999998,1219100,0.929025388418079
2018-07-05,28.370001000000002,28.99,26.68,26.74,26.74,1516800,0.9385749385749386
2018-07-03,28.4,28.825001,27.65,28.32,28.32,649700,-
2018-07-02,27.540001,28.68,27.18,28.49,28.49,1552700,1.0474264320799105
2018-06-29,28.690001000000002,30.68,27.190001000000002,27.200001,27.200001,1842200,0.9901711681897041
2018-06-28,26.76,28.48,26.66,28.33,28.33,1099800,0.9877963737796374
2018-06-27,27.6,28.49,26.459999,26.959999,26.959999,1651400,-
2018-06-26,29.0,30.1,27.09,27.469998999999998,27.469998999999998,1553800,-
2018-06-25,26.67,29.0,26.280001000000002,28.68,28.68,1873900,1.0376266656160154
2018-06-22,29.639999,29.91,26.6,27.639999,27.639999,2570700,0.8248284288169758
2018-06-21,31.959999,32.049999,28.879998999999998,29.190001000000002,29.190001000000002,2759400,0.7870046104071178
2018-06-20,35.84,35.869999,32.0,32.009997999999996,32.009997999999996,1720900,-
2018-06-19,36.060001,37.689999,32.66,33.509997999999996,33.509997999999996,2736700,-
2018-06-18,35.060001,37.779999,34.110001000000004,37.09,37.09,3329400,1.0710366424765625
2018-06-15,31.549999,36.0,31.25,34.630001,34.630001,4141900,1.1941379655172413
2018-06-14,30.75,32.970001,30.58,31.34,31.34,1525400,0.9939739614978128
2018-06-13,29.75,30.15,29.1,29.74,29.74,1000600,-
2018-06-12,32.290001000000004,33.080002,28.969998999999998,29.0,29.0,1369100,-
2018-06-11,29.469998999999998,32.549999,29.280001000000002,31.530001000000002,31.530001000000002,1168400,1.0786863154293536
2018-06-08,28.040001,29.57,28.01,29.23,29.23,535300,1.0241765583680253
2018-06-07,30.74,30.777,27.15,27.799999,27.799999,1050500,0.9921484296930764
2018-06-06,28.9,31.0,28.68,30.200001,30.200001,1076100,-
2018-06-05,28.709999,29.93,28.17,28.540001,28.540001,1187800,-
2018-06-04,29.16,29.879998999999998,27.299999,28.02,28.02,1969200,1.0613636363636365
2018-06-01,23.120001000000002,27.5,22.219998999999998,26.4,26.4,2136900,1.2772133526850507
2018-05-31,21.84,22.959999,21.67,22.18,22.18,429800,-
2018-05-30,20.9,22.01,20.67,21.940001000000002,21.940001000000002,316300,-
2018-05-29,21.4,21.51,20.0,20.67,20.67,329600,-
2018-05-25,20.969998999999998,22.188999,20.969998999999998,21.4,21.4,410000,1.0846426761277241
2018-05-24,20.0,21.24,19.65,21.01,21.01,309000,1.0703006148905052
2018-05-23,19.6,20.299,19.58,20.01,20.01,301700,-
2018-05-22,19.66,19.77,19.66,19.73,19.73,131200,-
2018-05-21,19.639999,19.739,19.329,19.629998999999998,19.629998999999998,153800,0.9979663955261818
2018-05-18,19.66,20.02,19.65,19.67,19.67,99100,1.023413164589655
2018-05-17,19.299999,19.75,19.299999,19.690001000000002,19.690001000000002,68500,0.98994479587455
2018-05-16,19.23,19.709999,19.200001,19.360001,19.360001,108000,-
2018-05-15,19.809998999999998,19.844998999999998,19.17,19.219998999999998,19.219998999999998,193000,-
2018-05-14,20.299999,20.35,19.75,19.889999,19.889999,160000,0.9866070932539682
2018-05-11,20.08,20.35,19.51,20.16,20.16,264400,1.0333162480779088
2018-05-10,19.799999,20.18,19.42,20.040001,20.040001,169500,1.041039012987013
2018-05-09,19.48,19.9,19.33,19.790001,19.790001,123400,-
2018-05-08,19.280001000000002,19.66,19.110001,19.51,19.51,167900,-
2018-05-07,19.389999,19.469998999999998,18.75,19.25,19.25,417100,0.984654781823774
2018-05-04,19.870001000000002,19.98,19.379,19.549999,19.549999,145600,0.9938992882562276
2018-05-03,19.59,20.02,19.200001,19.66,19.66,283000,1.0207684319833852
2018-05-02,19.92,20.190001000000002,19.5,19.59,19.59,220000,-
2018-05-01,19.370001000000002,19.891001,19.280001000000002,19.67,19.67,149700,-
2018-04-30,19.549999,19.879998999999998,19.200001,19.26,19.26,211800,0.9821519131998006
2018-04-27,19.870001000000002,20.219998999999998,19.549999,19.610001,19.610001,573900,0.9954314723131232
2018-04-26,19.68,20.280001000000002,19.601999,20.280001000000002,20.280001000000002,218800,1.0140000500000002
2018-04-25,19.719998999999998,19.73,19.4,19.610001,19.610001,272800,-
2018-04-24,20.120001000000002,20.120001000000002,19.41,19.700001,19.700001,308500,-
2018-04-23,19.83,20.1,19.618,20.0,20.0,341700,1.0141988343914217
2018-04-20,19.549999,19.73,19.450001,19.719998999999998,19.719998999999998,300100,1.0086956526187034
2018-04-19,19.57,19.719998999999998,19.211,19.65,19.65,463400,0.953883495145631
2018-04-18,19.610001,20.42,19.073999,19.559998999999998,19.559998999999998,885800,-
2018-04-17,20.549999,20.66,19.0,19.549999,19.549999,1152500,-
2018-04-16,20.879998999999998,20.879998999999998,19.9,20.6,20.6,907900,1.0
2018-04-13,19.799999,20.82,19.6,20.6,20.6,1864700,-
2018-04-12,20.0,21.85,19.120001000000002,20.0,20.0,13102400,-
